"","lon","lat","lon.ind","lat.ind","ind","elev","airpr"
"36",-108.8125,40.8125,2,31,36,2058,78.9243868044421
"37",-108.6875,40.8125,3,31,37,1960,79.8908040436043
"38",-108.5625,40.8125,4,31,38,2029,79.2093757678782
"39",-108.4375,40.8125,5,31,39,1988,79.6137124810991
"40",-108.3125,40.8125,6,31,40,2020,79.2979898448863
"41",-108.1875,40.8125,7,31,41,1907,80.4174367898869
"42",-108.0625,40.8125,8,31,42,1971,79.7818536667725
"43",-107.9375,40.8125,9,31,43,2057,78.9342001684444
"44",-107.8125,40.8125,10,31,44,2170,77.8315238485795
"45",-107.6875,40.8125,11,31,45,2117,78.3471443571331
"46",-107.5625,40.8125,12,31,46,2130,78.2204161401579
"47",-107.4375,40.8125,13,31,47,2549,74.2238614724823
"48",-107.3125,40.8125,14,31,48,2777,72.1196243510655
"49",-107.1875,40.8125,15,31,49,2724,72.6044026609887
"50",-107.0625,40.8125,16,31,50,2785,72.0466784940278
"51",-106.9375,40.8125,17,31,51,2520,74.4950315057052
"52",-106.8125,40.8125,18,31,52,2637,73.4058892117144
"53",-106.6875,40.8125,19,31,53,3005,70.063954679377
"54",-106.5625,40.8125,20,31,54,2591,73.8325500012671
"55",-106.4375,40.8125,21,31,55,2485,74.823373439194
"56",-106.3125,40.8125,22,31,56,2450,75.1528862339527
"57",-106.1875,40.8125,23,31,57,2469,74.9738623850688
"58",-106.0625,40.8125,24,31,58,2949,70.5644034210793
"59",-105.9375,40.8125,25,31,59,2844,71.5105457488296
"60",-105.8125,40.8125,26,31,60,3091,69.3010073030437
"61",-105.6875,40.8125,27,31,61,3056,69.6106930620098
"62",-105.5625,40.8125,28,31,62,2458,75.0774656307196
"63",-105.4375,40.8125,29,31,63,2319,76.3966523182798
"64",-105.3125,40.8125,30,31,64,1881,80.6768106698019
"65",-105.1875,40.8125,31,31,65,1816,81.3282101401388
"66",-105.0625,40.8125,32,31,66,1669,82.8170906712998
"67",-104.9375,40.8125,33,31,67,1688,82.6234178599914
"70",-108.8125,40.6875,2,30,70,1781,81.6807236592673
"71",-108.6875,40.6875,3,30,71,1859,80.8968095921083
"72",-108.5625,40.6875,4,30,72,2075,78.757710707142
"73",-108.4375,40.6875,5,30,73,1906,80.4274002064255
"74",-108.3125,40.6875,6,30,74,1929,80.1984943543652
"75",-108.1875,40.6875,7,30,75,1864,80.8467672325889
"76",-108.0625,40.6875,8,30,76,2007,79.4261296581076
"77",-107.9375,40.6875,9,30,77,2069,78.8165049868543
"78",-107.8125,40.6875,10,30,78,2125,78.2691381037964
"79",-107.6875,40.6875,11,30,79,2169,77.8412270368128
"80",-107.5625,40.6875,12,30,80,2038,79.1208418918269
"81",-107.4375,40.6875,13,30,81,2177,77.7636289507552
"82",-107.3125,40.6875,14,30,82,2397,75.6540988081777
"83",-107.1875,40.6875,15,30,83,2456,75.0963150331535
"84",-107.0625,40.6875,16,30,84,2649,73.2949153905175
"85",-106.9375,40.6875,17,30,85,2349,76.1103596493621
"86",-106.8125,40.6875,18,30,86,2747,72.3937041490932
"87",-106.6875,40.6875,19,30,87,3152,68.7639362250002
"88",-106.5625,40.6875,20,30,88,2572,74.0093644027528
"89",-106.4375,40.6875,21,30,89,2491,74.767003183967
"90",-106.3125,40.6875,22,30,90,2475,74.9174003368836
"91",-106.1875,40.6875,23,30,91,2509,74.598098711523
"92",-106.0625,40.6875,24,30,92,2656,73.2302434231933
"94",-105.8125,40.6875,26,30,94,2912,70.8966420973647
"95",-105.6875,40.6875,27,30,95,2805,71.8645751982807
"96",-105.5625,40.6875,28,30,96,2419,75.44572077582
"97",-105.4375,40.6875,29,30,97,2239,77.1643650477713
"98",-105.3125,40.6875,30,30,98,1970,79.7917532721445
"99",-105.1875,40.6875,31,30,99,1764,81.8523903556094
"100",-105.0625,40.6875,32,30,100,1598,83.5440716753033
"101",-104.9375,40.6875,33,30,101,1613,83.3900552657989
"104",-108.8125,40.5625,2,29,104,2181,77.7248534037655
"105",-108.6875,40.5625,3,29,105,2216,77.3862347281502
"106",-108.5625,40.5625,4,29,106,2073,78.7773048530327
"107",-108.4375,40.5625,5,29,107,1908,80.4074743728112
"108",-108.3125,40.5625,6,29,108,1859,80.8968095921083
"109",-108.1875,40.5625,7,29,109,1866,80.826757308675
"110",-108.0625,40.5625,8,29,110,1878,80.7067819630226
"111",-107.9375,40.5625,9,29,111,1936,80.128932165359
"112",-107.8125,40.5625,10,29,112,1988,79.6137124810991
"113",-107.6875,40.5625,11,29,113,2022,79.2782908939811
"114",-107.5625,40.5625,12,29,114,1938,80.1090662305254
"115",-107.4375,40.5625,13,29,115,1960,79.8908040436043
"116",-107.3125,40.5625,14,29,116,2111,78.4056903496857
"117",-107.1875,40.5625,15,29,117,2079,78.7185342543597
"118",-107.0625,40.5625,16,29,118,2258,76.9814701530304
"119",-106.9375,40.5625,17,29,119,2121,78.3081333653349
"120",-106.8125,40.5625,18,29,120,2589,73.8511459196757
"121",-106.6875,40.5625,19,29,121,3076,69.4335928707646
"122",-106.5625,40.5625,20,29,122,2601,73.7396272740465
"123",-106.4375,40.5625,21,29,123,2544,74.2705578128684
"124",-106.3125,40.5625,22,29,124,2546,74.2518764229609
"125",-106.1875,40.5625,23,29,125,2577,73.9628010905737
"126",-106.0625,40.5625,24,29,126,2761,72.26569548049
"127",-105.9375,40.5625,25,29,127,2977,70.3138185283145
"128",-105.8125,40.5625,26,29,128,3135,68.9132718227277
"130",-105.5625,40.5625,28,29,130,2993,70.1709509969147
"131",-105.4375,40.5625,29,29,131,2794,71.9646858290711
"132",-105.3125,40.5625,30,29,132,2076,78.7479151141855
"133",-105.1875,40.5625,31,29,133,1870,80.7867494915682
"134",-105.0625,40.5625,32,29,134,1510,84.4522810887341
"135",-104.9375,40.5625,33,29,135,1497,84.5871234553716
"138",-108.8125,40.4375,2,28,138,2045,79.0520376224721
"139",-108.6875,40.4375,3,28,139,2071,78.7969029460674
"140",-108.5625,40.4375,4,28,140,1899,80.4971721136036
"141",-108.4375,40.4375,5,28,141,1795,81.5395700903649
"142",-108.3125,40.4375,6,28,142,1886,80.6268785425842
"143",-108.1875,40.4375,7,28,143,1921,80.2780538670643
"144",-108.0625,40.4375,8,28,144,1974,79.7521608177241
"145",-107.9375,40.4375,9,28,145,1897,80.5171159437657
"146",-107.8125,40.4375,10,28,146,1929,80.1984943543652
"147",-107.6875,40.4375,11,28,147,1955,79.9403667521791
"148",-107.5625,40.4375,12,28,148,2023,79.2684429045699
"149",-107.4375,40.4375,13,28,149,2118,78.3373901342063
"150",-107.3125,40.4375,14,28,150,1982,79.67302363197
"151",-107.1875,40.4375,15,28,151,2014,79.3571104797527
"152",-107.0625,40.4375,16,28,152,2083,78.6793735828556
"153",-106.9375,40.4375,17,28,153,2078,78.7283268878704
"154",-106.8125,40.4375,18,28,154,2332,76.2724852938714
"155",-106.6875,40.4375,19,28,155,2996,70.1441895221168
"156",-106.5625,40.4375,20,28,156,2655,73.2394794456398
"157",-106.4375,40.4375,21,28,157,2598,73.7674941431974
"158",-106.3125,40.4375,22,28,158,2766,72.2200225422812
"159",-106.1875,40.4375,23,28,159,2657,73.2210083438931
"160",-106.0625,40.4375,24,28,160,2933,70.707919134424
"161",-105.9375,40.4375,25,28,161,3119,69.0540627602681
"164",-105.5625,40.4375,28,28,164,2895,71.0497163835755
"165",-105.4375,40.4375,29,28,165,2480,74.8703749358312
"166",-105.3125,40.4375,30,28,166,2072,78.787103406119
"167",-105.1875,40.4375,31,28,167,1710,82.3996234743043
"168",-105.0625,40.4375,32,28,168,1517,84.3797457881545
"169",-104.9375,40.4375,33,28,169,1499,84.5663671363789
"172",-108.8125,40.3125,2,27,172,2044,79.06186383645
"173",-108.6875,40.3125,3,27,173,1941,80.0792748062367
"174",-108.5625,40.3125,4,27,174,1775,81.7412785832043
"175",-108.4375,40.3125,5,27,175,1796,81.5294952556914
"176",-108.3125,40.3125,6,27,176,1854,80.9468770303664
"177",-108.1875,40.3125,7,27,177,2066,78.8459154514009
"178",-108.0625,40.3125,8,27,178,2330,76.2915772693563
"179",-107.9375,40.3125,9,27,179,2254,77.0199451403845
"180",-107.8125,40.3125,10,27,180,2034,79.1601803833865
"181",-107.6875,40.3125,11,27,181,2008,79.4162668006573
"182",-107.5625,40.3125,12,27,182,2315,76.4348904678815
"183",-107.4375,40.3125,13,27,183,2271,76.8565339124487
"184",-107.3125,40.3125,14,27,184,2337,76.2247722803723
"185",-107.1875,40.3125,15,27,185,2431,75.3322560689067
"186",-107.0625,40.3125,16,27,186,2396,75.6635815981012
"187",-106.9375,40.3125,17,27,187,2375,75.8629426250947
"188",-106.8125,40.3125,18,27,188,2534,74.3640218597066
"189",-106.6875,40.3125,19,27,189,2889,71.1038064536511
"190",-106.5625,40.3125,20,27,190,2527,74.4295033419282
"191",-106.4375,40.3125,21,27,191,2580,73.934874491616
"192",-106.3125,40.3125,22,27,192,2988,70.2155718266848
"193",-106.1875,40.3125,23,27,193,2903,70.9776481237941
"194",-106.0625,40.3125,24,27,194,2917,70.8516711072128
"195",-105.9375,40.3125,25,27,195,3163,68.6674470223413
"196",-105.8125,40.3125,26,27,196,3006,70.0550442861773
"198",-105.5625,40.3125,28,27,198,2868,71.2933843474344
"199",-105.4375,40.3125,29,27,199,2597,73.7767849943359
"200",-105.3125,40.3125,30,27,200,1896,80.5270893591538
"201",-105.1875,40.3125,31,27,201,1704,82.4606095686728
"202",-105.0625,40.3125,32,27,202,1528,84.2658636733115
"203",-104.9375,40.3125,33,27,203,1511,84.4419158128505
"206",-108.8125,40.1875,2,26,206,1816,81.3282101401388
"207",-108.6875,40.1875,3,26,207,1717,82.3285191964221
"208",-108.5625,40.1875,4,26,208,1733,82.1661816863144
"209",-108.4375,40.1875,5,26,209,1770,81.7917687837618
"210",-108.3125,40.1875,6,26,210,1815,81.3382648294187
"211",-108.1875,40.1875,7,26,211,1939,80.0991347587775
"212",-108.0625,40.1875,8,26,212,2207,77.4731937855906
"213",-107.9375,40.1875,9,26,213,2365,75.9580258264409
"214",-107.8125,40.1875,10,26,214,2295,76.6263137532547
"215",-107.6875,40.1875,11,26,215,2179,77.7442392197611
"216",-107.5625,40.1875,12,26,216,2583,73.9069564314787
"217",-107.4375,40.1875,13,26,217,2464,75.0209404085733
"218",-107.3125,40.1875,14,26,218,2645,73.3318915593637
"219",-107.1875,40.1875,15,26,219,2711,72.7237125929296
"220",-107.0625,40.1875,16,26,220,2584,73.8976523086033
"221",-106.9375,40.1875,17,26,221,2380,75.8154371794533
"222",-106.8125,40.1875,18,26,222,2582,73.91626150289
"223",-106.6875,40.1875,19,26,223,2922,70.8067232183166
"224",-106.5625,40.1875,20,26,224,2702,72.8064047377577
"225",-106.4375,40.1875,21,26,225,2384,75.7774501688276
"226",-106.3125,40.1875,22,26,226,2670,73.1010381057842
"227",-106.1875,40.1875,23,26,227,2730,72.5493900225851
"228",-106.0625,40.1875,24,26,228,2845,71.501486676406
"229",-105.9375,40.1875,25,26,229,2754,72.3296768841538
"230",-105.8125,40.1875,26,26,230,2892,71.0767572522089
"232",-105.5625,40.1875,28,26,232,2799,71.9191670075063
"233",-105.4375,40.1875,29,26,233,2488,74.7951840114632
"234",-105.3125,40.1875,30,26,234,1831,81.1775105329947
"235",-105.1875,40.1875,31,26,235,1617,83.3490230773862
"236",-105.0625,40.1875,32,26,236,1538,84.1624425077211
"237",-104.9375,40.1875,33,26,237,1495,84.6078838993897
"240",-108.8125,40.0625,2,25,240,1721,82.2879104926312
"241",-108.6875,40.0625,3,25,241,1878,80.7067819630226
"242",-108.5625,40.0625,4,25,242,2296,76.6167333789133
"243",-108.4375,40.0625,5,25,243,2074,78.7675072867324
"244",-108.3125,40.0625,6,25,244,1934,80.1488020891535
"245",-108.1875,40.0625,7,25,245,1941,80.0792748062367
"246",-108.0625,40.0625,8,25,246,1929,80.1984943543652
"247",-107.9375,40.0625,9,25,247,1972,79.7719550559628
"248",-107.8125,40.0625,10,25,248,2035,79.1503442760557
"249",-107.6875,40.0625,11,25,249,2208,77.4635277625662
"250",-107.5625,40.0625,12,25,250,2511,74.579350636263
"251",-107.4375,40.0625,13,25,251,2553,74.1865215195788
"252",-107.3125,40.0625,14,25,252,2926,70.7707815340021
"254",-107.0625,40.0625,16,25,254,3135,68.9132718227277
"255",-106.9375,40.0625,17,25,255,2810,71.8191076604143
"256",-106.8125,40.0625,18,25,256,2587,73.8697456304527
"257",-106.6875,40.0625,19,25,257,2743,72.4303117580829
"258",-106.5625,40.0625,20,25,258,2836,71.5830517914504
"259",-106.4375,40.0625,21,25,259,2538,74.3266248191384
"260",-106.3125,40.0625,22,25,260,2327,76.3202224881209
"261",-106.1875,40.0625,23,25,261,2385,75.767955824699
"262",-106.0625,40.0625,24,25,262,2744,72.4211584508925
"263",-105.9375,40.0625,25,25,263,2564,74.0839150722816
"264",-105.8125,40.0625,26,25,264,2923,70.797736411889
"266",-105.5625,40.0625,28,25,266,3024,69.8948140481919
"267",-105.4375,40.0625,29,25,267,2571,74.0186799129421
"268",-105.3125,40.0625,30,25,268,1781,81.6807236592673
"269",-105.1875,40.0625,31,25,269,1595,83.5749025795122
"270",-105.0625,40.0625,32,25,270,1560,83.9352777055168
"271",-104.9375,40.0625,33,25,271,1559,83.9455925956285
"274",-108.8125,39.9375,2,24,274,1804,81.4489328599104
"275",-108.6875,39.9375,3,24,275,1960,79.8908040436043
"276",-108.5625,39.9375,4,24,276,2235,77.2029140329689
"277",-108.4375,39.9375,5,24,277,2025,79.2487498974488
"278",-108.3125,39.9375,6,24,278,1950,79.9899543553996
"279",-108.1875,39.9375,7,24,279,2049,79.0127426549633
"280",-108.0625,39.9375,8,24,280,2242,77.1354635384557
"281",-107.9375,39.9375,9,24,281,2091,78.6010995642278
"282",-107.8125,39.9375,10,24,282,2204,77.5021977147721
"283",-107.6875,39.9375,11,24,283,2287,76.7029916745551
"284",-107.5625,39.9375,12,24,284,2689,72.9259833468035
"285",-107.4375,39.9375,13,24,285,2998,70.126353130656
"288",-107.0625,39.9375,16,24,288,3007,70.0461348105779
"289",-106.9375,39.9375,17,24,289,2661,73.1840774566819
"290",-106.8125,39.9375,18,24,290,2548,74.2331988381564
"291",-106.6875,39.9375,19,24,291,2390,75.7204985514842
"292",-106.5625,39.9375,20,24,292,2307,76.5114132601434
"293",-106.4375,39.9375,21,24,293,2638,73.3966362000304
"294",-106.3125,39.9375,22,24,294,2676,73.0457209370131
"295",-106.1875,39.9375,23,24,295,2546,74.2518764229609
"296",-106.0625,39.9375,24,24,296,2877,71.2120866267986
"297",-105.9375,39.9375,25,24,297,2948,70.573366237124
"298",-105.8125,39.9375,26,24,298,2683,72.981227085138
"300",-105.5625,39.9375,28,24,300,2766,72.2200225422812
"301",-105.4375,39.9375,29,24,301,2547,74.2425371549578
"302",-105.3125,39.9375,30,24,302,2011,79.3866841784205
"303",-105.1875,39.9375,31,24,303,1707,82.4301119545024
"304",-105.0625,39.9375,32,24,304,1613,83.3900552657989
"305",-104.9375,39.9375,33,24,305,1587,83.6571633679338
"308",-108.8125,39.8125,2,23,308,2018,79.3176927590766
"309",-108.6875,39.8125,3,23,309,2067,78.8361109760018
"310",-108.5625,39.8125,4,23,310,2393,75.6920357428067
"311",-108.4375,39.8125,5,23,311,2238,77.174000832551
"312",-108.3125,39.8125,6,23,312,2094,78.5717630687303
"313",-108.1875,39.8125,7,23,313,2093,78.5815409152712
"314",-108.0625,39.8125,8,23,314,2220,77.3476116362806
"315",-107.9375,39.8125,9,23,315,2326,76.3297728294858
"316",-107.8125,39.8125,10,23,316,2815,71.7736634187018
"317",-107.6875,39.8125,11,23,317,2727,72.5768921211254
"318",-107.5625,39.8125,12,23,318,2910,70.9146369638113
"319",-107.4375,39.8125,13,23,319,3198,68.3611650318591
"320",-107.3125,39.8125,14,23,320,3191,68.4223327601256
"321",-107.1875,39.8125,15,23,321,2935,70.6899667559145
"322",-107.0625,39.8125,16,23,322,2308,76.5018445200285
"323",-106.9375,39.8125,17,23,323,2243,77.1258316501072
"324",-106.8125,39.8125,18,23,324,2864,71.3295407825428
"325",-106.6875,39.8125,19,23,325,2579,73.9441824090788
"326",-106.5625,39.8125,20,23,326,2680,73.0088616589488
"327",-106.4375,39.8125,21,23,327,3032,69.8236959292908
"328",-106.3125,39.8125,22,23,328,3162,68.6762142351117
"329",-106.1875,39.8125,23,23,329,2752,72.3479657076008
"330",-106.0625,39.8125,24,23,330,3104,69.1862657071917
"334",-105.5625,39.8125,28,23,334,2729,72.5585564509628
"335",-105.4375,39.8125,29,23,335,2600,73.7489152831266
"336",-105.3125,39.8125,30,23,336,2224,77.3090041548649
"337",-105.1875,39.8125,31,23,337,1801,81.4791362008173
"338",-105.0625,39.8125,32,23,338,1626,83.2567604258181
"339",-104.9375,39.8125,33,23,339,1586,83.6674505746493
"342",-108.8125,39.6875,2,22,342,2190,77.6376656636758
"343",-108.6875,39.6875,3,22,343,2295,76.6263137532547
"344",-108.5625,39.6875,4,22,344,2531,74.3920796376108
"345",-108.4375,39.6875,5,22,345,2487,74.8045795316927
"346",-108.3125,39.6875,6,22,346,2332,76.2724852938714
"347",-108.1875,39.6875,7,22,347,2341,76.1866192734156
"348",-108.0625,39.6875,8,22,348,2404,75.5877462207389
"349",-107.9375,39.6875,9,22,349,2376,75.8534396082467
"350",-107.8125,39.6875,10,22,350,2431,75.3322560689067
"351",-107.6875,39.6875,11,22,351,2421,75.4268003875994
"352",-107.5625,39.6875,12,22,352,2660,73.1933087641336
"353",-107.4375,39.6875,13,22,353,3118,69.0628699211878
"355",-107.1875,39.6875,15,22,355,3051,69.6550252116984
"356",-107.0625,39.6875,16,22,356,2143,78.0938539587416
"357",-106.9375,39.6875,17,22,357,2266,76.9045668674141
"358",-106.8125,39.6875,18,22,358,2498,74.7012813538904
"359",-106.6875,39.6875,19,22,359,2358,76.0246414660185
"360",-106.5625,39.6875,20,22,360,3009,70.0283186118907
"361",-106.4375,39.6875,21,22,361,2965,70.4211236700041
"367",-105.6875,39.6875,27,22,367,3150,68.7814915057287
"368",-105.5625,39.6875,28,22,368,2829,71.6465433997188
"369",-105.4375,39.6875,29,22,369,2748,72.3845545881729
"370",-105.3125,39.6875,30,22,370,2226,77.2897062665688
"371",-105.1875,39.6875,31,22,371,1967,79.8214580563979
"372",-105.0625,39.6875,32,22,372,1641,83.1031731240158
"373",-104.9375,39.6875,33,22,373,1630,83.2157813569189
"376",-108.8125,39.5625,2,21,376,2120,78.317884638383
"377",-108.6875,39.5625,3,21,377,2166,77.8703424788502
"378",-108.5625,39.5625,4,21,378,2301,76.5688460546834
"379",-108.4375,39.5625,5,21,379,2171,77.8218216397763
"380",-108.3125,39.5625,6,21,380,2297,76.6071539745038
"381",-108.1875,39.5625,7,21,381,2500,74.6825122828135
"382",-108.0625,39.5625,8,21,382,2431,75.3322560689067
"383",-107.9375,39.5625,9,21,383,2374,75.8724466059522
"384",-107.8125,39.5625,10,21,384,1716,82.338673907453
"385",-107.6875,39.5625,11,21,385,1702,82.4809463869158
"386",-107.5625,39.5625,12,21,386,1887,80.6168951206719
"387",-107.4375,39.5625,13,21,387,2016,79.3373996371621
"388",-107.3125,39.5625,14,21,388,2110,78.4154514583178
"389",-107.1875,39.5625,15,21,389,2469,74.9738623850688
"390",-107.0625,39.5625,16,21,390,2540,74.307932010364
"391",-106.9375,39.5625,17,21,391,2636,73.4151431679455
"392",-106.8125,39.5625,18,21,392,2765,72.2291552594997
"393",-106.6875,39.5625,19,21,393,2795,71.955580199019
"395",-106.4375,39.5625,21,21,395,3092,69.292175559638
"398",-106.0625,39.5625,24,21,398,2946,70.5912946346862
"399",-105.9375,39.5625,25,21,399,3178,68.5360475464667
"402",-105.5625,39.5625,28,21,402,3108,69.150991566276
"403",-105.4375,39.5625,29,21,403,2934,70.6989424837614
"404",-105.3125,39.5625,30,21,404,2520,74.4950315057052
"405",-105.1875,39.5625,31,21,405,2280,76.770135811315
"406",-105.0625,39.5625,32,21,406,1690,82.6030526010608
"407",-104.9375,39.5625,33,21,407,1785,81.6403738942113
"410",-108.8125,39.4375,2,20,410,1878,80.7067819630226
"411",-108.6875,39.4375,3,20,411,2103,78.4838067743106
"412",-108.5625,39.4375,4,20,412,2335,76.2438545846817
"413",-108.4375,39.4375,5,20,413,2204,77.5021977147721
"414",-108.3125,39.4375,6,20,414,1914,80.3477208547846
"415",-108.1875,39.4375,7,20,415,2223,77.3186545620028
"416",-108.0625,39.4375,8,20,416,1686,82.6437871843598
"417",-107.9375,39.4375,9,20,417,1932,80.1686760025217
"418",-107.8125,39.4375,10,20,418,2205,77.4925287616181
"419",-107.6875,39.4375,11,20,419,1897,80.5171159437657
"420",-107.5625,39.4375,12,20,420,2210,77.4441986461184
"421",-107.4375,39.4375,13,20,421,2466,75.0021063275907
"422",-107.3125,39.4375,14,20,422,2035,79.1503442760557
"423",-107.1875,39.4375,15,20,423,2101,78.503345724018
"424",-107.0625,39.4375,16,20,424,2632,73.4521684398151
"425",-106.9375,39.4375,17,20,425,3048,69.6816354731463
"426",-106.8125,39.4375,18,20,426,3099,69.2303788708961
"427",-106.6875,39.4375,19,20,427,3084,69.3628550320578
"432",-106.0625,39.4375,24,20,432,3192,68.4135918009239
"434",-105.8125,39.4375,26,20,434,3171,68.5973419409018
"435",-105.6875,39.4375,27,20,435,3133,68.9308579675916
"436",-105.5625,39.4375,28,20,436,2798,71.9282689062264
"437",-105.4375,39.4375,29,20,437,2628,73.4892088303386
"438",-105.3125,39.4375,30,20,438,2448,75.1717509673715
"439",-105.1875,39.4375,31,20,439,2319,76.3966523182798
"440",-105.0625,39.4375,32,20,440,1802,81.4690674130011
"441",-104.9375,39.4375,33,20,441,1828,81.2076323506252
"444",-108.8125,39.3125,2,19,444,1489,84.6701899878699
"445",-108.6875,39.3125,3,19,445,1523,84.31761283228
"446",-108.5625,39.3125,4,19,446,2022,79.2782908939811
"447",-108.4375,39.3125,5,19,447,1998,79.5149400158934
"448",-108.3125,39.3125,6,19,448,1624,83.2772560870284
"449",-108.1875,39.3125,7,19,449,1593,83.5954616334925
"450",-108.0625,39.3125,8,19,450,2220,77.3476116362806
"451",-107.9375,39.3125,9,19,451,2226,77.2897062665688
"452",-107.8125,39.3125,10,19,452,2454,75.1151682674398
"453",-107.6875,39.3125,11,19,453,2396,75.6635815981012
"454",-107.5625,39.3125,12,19,454,2575,73.9814235679879
"455",-107.4375,39.3125,13,19,455,2801,71.9009660079436
"456",-107.3125,39.3125,14,19,456,2579,73.9441824090788
"457",-107.1875,39.3125,15,19,457,2479,74.8797781033909
"458",-107.0625,39.3125,16,19,458,2450,75.1528862339527
"459",-106.9375,39.3125,17,19,459,2372,75.8914574599948
"460",-106.8125,39.3125,18,19,460,3078,69.4159029372326
"467",-105.9375,39.3125,25,19,467,3161,68.6849823542521
"468",-105.8125,39.3125,26,19,468,2871,71.2662767613122
"469",-105.6875,39.3125,27,19,469,2850,71.4562052521959
"471",-105.4375,39.3125,29,19,471,3169,68.6148627754778
"472",-105.3125,39.3125,30,19,472,2521,74.4856674804323
"473",-105.1875,39.3125,31,19,473,2140,78.1230458878233
"474",-105.0625,39.3125,32,19,474,2309,76.4922767489444
"475",-104.9375,39.3125,33,19,475,1978,79.7125842726296
"478",-108.8125,39.1875,2,18,478,1392,85.6826384247401
"479",-108.6875,39.1875,3,18,479,1422,85.3684686836403
"480",-108.5625,39.1875,4,18,480,1639,83.1236381650438
"481",-108.4375,39.1875,5,18,481,1954,79.9502822809455
"482",-108.3125,39.1875,6,18,482,1676,82.7456948095034
"483",-108.1875,39.1875,7,18,483,1731,82.1864596883715
"484",-108.0625,39.1875,8,18,484,1852,80.96691102987
"485",-107.9375,39.1875,9,18,485,2011,79.3866841784205
"486",-107.8125,39.1875,10,18,486,2589,73.8511459196757
"487",-107.6875,39.1875,11,18,487,2667,73.1287094077298
"488",-107.5625,39.1875,12,18,488,2931,70.7258752044871
"489",-107.4375,39.1875,13,18,489,2731,72.540224531912
"490",-107.3125,39.1875,14,18,490,2795,71.955580199019
"491",-107.1875,39.1875,15,18,491,2689,72.9259833468035
"492",-107.0625,39.1875,16,18,492,3057,69.6018293743317
"493",-106.9375,39.1875,17,18,493,2827,71.6646922322558
"494",-106.8125,39.1875,18,18,494,2831,71.6283982890158
"498",-106.3125,39.1875,22,18,498,3086,69.3451796935531
"500",-106.0625,39.1875,24,18,500,3134,68.9220644409703
"501",-105.9375,39.1875,25,18,501,2948,70.573366237124
"502",-105.8125,39.1875,26,18,502,2913,70.887646050798
"503",-105.6875,39.1875,27,18,503,2863,71.3385822109031
"504",-105.5625,39.1875,28,18,504,3035,69.7970417461001
"505",-105.4375,39.1875,29,18,505,3152,68.7639362250002
"506",-105.3125,39.1875,30,18,506,2249,77.0680607696879
"507",-105.1875,39.1875,31,18,507,2291,76.6646449514433
"508",-105.0625,39.1875,32,18,508,2631,73.4614271198877
"509",-104.9375,39.1875,33,18,509,2248,77.0776868156497
"512",-108.8125,39.0625,2,17,512,2054,78.9636461887737
"513",-108.6875,39.0625,3,17,513,1955,79.9403667521791
"514",-108.5625,39.0625,4,17,514,1441,85.1699774406946
"515",-108.4375,39.0625,5,17,515,1459,84.9822779863558
"516",-108.3125,39.0625,6,17,516,2037,79.130675030352
"517",-108.1875,39.0625,7,17,517,2911,70.9056390683449
"518",-108.0625,39.0625,8,17,518,3172,68.5885828822373
"519",-107.9375,39.0625,9,17,519,3095,69.2656857975172
"520",-107.8125,39.0625,10,17,520,3106,69.168626815953
"521",-107.6875,39.0625,11,17,521,3134,68.9220644409703
"522",-107.5625,39.0625,12,17,522,2618,73.5818759817519
"523",-107.4375,39.0625,13,17,523,2499,74.6918963409699
"524",-107.3125,39.0625,14,17,524,2970,70.3763970915493
"525",-107.1875,39.0625,15,17,525,3018,69.9481911199289
"532",-106.3125,39.0625,22,17,532,2899,71.0136748508167
"534",-106.0625,39.0625,24,17,534,3033,69.8148102859349
"535",-105.9375,39.0625,25,17,535,2797,71.9373717376699
"536",-105.8125,39.0625,26,17,536,2738,72.4760923467644
"537",-105.6875,39.0625,27,17,537,2719,72.6502723246395
"538",-105.5625,39.0625,28,17,538,2890,71.0947891271815
"539",-105.4375,39.0625,29,17,539,2691,72.9075762938785
"540",-105.3125,39.0625,30,17,540,2692,72.8983741783074
"541",-105.1875,39.0625,31,17,541,2685,72.9628087418448
"542",-105.0625,39.0625,32,17,542,2683,72.981227085138
"543",-104.9375,39.0625,33,17,543,2714,72.6961654510931
"546",-108.8125,38.9375,2,16,546,2197,77.5699077431823
"547",-108.6875,38.9375,3,16,547,2284,76.7317619080132
"548",-108.5625,38.9375,4,16,548,1751,81.9838619103819
"549",-108.4375,38.9375,5,16,549,1509,84.4626473948555
"550",-108.3125,38.9375,6,16,550,1768,81.8119719335137
"551",-108.1875,38.9375,7,16,551,2358,76.0246414660185
"552",-108.0625,38.9375,8,16,552,2602,73.7303402121713
"553",-107.9375,38.9375,9,16,553,2238,77.174000832551
"554",-107.8125,38.9375,10,16,554,2511,74.579350636263
"555",-107.6875,38.9375,11,16,555,2749,72.3754059636369
"556",-107.5625,38.9375,12,16,556,2269,76.8757441784739
"557",-107.4375,38.9375,13,16,557,2408,75.5498516186486
"558",-107.3125,38.9375,14,16,558,2326,76.3297728294858
"559",-107.1875,38.9375,15,16,559,2692,72.8983741783074
"567",-106.1875,38.9375,23,16,567,2859,71.374757204862
"568",-106.0625,38.9375,24,16,568,3049,69.6727644715259
"569",-105.9375,38.9375,25,16,569,2788,72.0193392052751
"570",-105.8125,38.9375,26,16,570,2770,72.1835010233263
"571",-105.6875,38.9375,27,16,571,2736,72.4944111415467
"572",-105.5625,38.9375,28,16,572,2677,73.0365047051709
"573",-105.4375,38.9375,29,16,573,2735,72.5035719447977
"574",-105.3125,38.9375,30,16,574,2604,73.7117689297402
"575",-105.1875,38.9375,31,16,575,2758,72.2931104680062
"576",-105.0625,38.9375,32,16,576,2689,72.9259833468035
"577",-104.9375,38.9375,33,16,577,2744,72.4211584508925
"580",-108.8125,38.8125,2,15,580,2511,74.579350636263
"581",-108.6875,38.8125,3,15,581,2506,74.6262279797564
"582",-108.5625,38.8125,4,15,582,2224,77.3090041548649
"583",-108.4375,38.8125,5,15,583,2061,78.8949526396922
"584",-108.3125,38.8125,6,15,584,1585,83.6777388056611
"585",-108.1875,38.8125,7,15,585,1631,83.205539142057
"586",-108.0625,38.8125,8,15,586,1571,83.8218816346293
"587",-107.9375,38.8125,9,15,587,1601,83.5132499813368
"588",-107.8125,38.8125,10,15,588,1718,82.3183654995019
"589",-107.6875,38.8125,11,15,589,1698,82.5216322073038
"590",-107.5625,38.8125,12,15,590,2528,74.4201459870072
"591",-107.4375,38.8125,13,15,591,2784,72.0557934575295
"592",-107.3125,38.8125,14,15,592,2638,73.3966362000304
"593",-107.1875,38.8125,15,15,593,3071,69.4778336754666
"594",-107.0625,38.8125,16,15,594,2952,70.5375205030201
"595",-106.9375,38.8125,17,15,595,3159,68.7025213119301
"597",-106.6875,38.8125,19,15,597,3134,68.9220644409703
"598",-106.5625,38.8125,20,15,598,3061,69.5663837620818
"601",-106.1875,38.8125,23,15,601,2902,70.9866534177665
"602",-106.0625,38.8125,24,15,602,2639,73.3873841328197
"603",-105.9375,38.8125,25,15,603,2914,70.8786509285721
"604",-105.8125,38.8125,26,15,604,2908,70.9326355284934
"605",-105.6875,38.8125,27,15,605,3014,69.9837941681173
"606",-105.5625,38.8125,28,15,606,2877,71.2120866267986
"607",-105.4375,38.8125,29,15,607,2785,72.0466784940278
"608",-105.3125,38.8125,30,15,608,2514,74.5512356772311
"609",-105.1875,38.8125,31,15,609,2802,71.8918669069547
"611",-104.9375,38.8125,33,15,611,3088,69.3275080023655
"614",-108.8125,38.6875,2,14,614,2519,74.5043964841825
"615",-108.6875,38.6875,3,14,615,2641,73.3688828315229
"616",-108.5625,38.6875,4,14,616,2400,75.6256562122961
"617",-108.4375,38.6875,5,14,617,2225,77.2993547230787
"618",-108.3125,38.6875,6,14,618,1770,81.7917687837618
"619",-108.1875,38.6875,7,14,619,1644,83.0724832123639
"620",-108.0625,38.6875,8,14,620,1568,83.8527955258032
"621",-107.9375,38.6875,9,14,621,1604,83.4824374955077
"622",-107.8125,38.6875,10,14,622,1967,79.8214580563979
"623",-107.6875,38.6875,11,14,623,1941,80.0792748062367
"624",-107.5625,38.6875,12,14,624,2263,76.9333983060432
"625",-107.4375,38.6875,13,14,625,2660,73.1933087641336
"626",-107.3125,38.6875,14,14,626,3066,69.5220973029037
"628",-107.0625,38.6875,16,14,628,2740,72.4577773004525
"629",-106.9375,38.6875,17,14,629,2769,72.1926300007236
"630",-106.8125,38.6875,18,14,630,2740,72.4577773004525
"631",-106.6875,38.6875,19,14,631,3036,69.7881588494768
"635",-106.1875,38.6875,23,14,635,3166,68.6411508215342
"636",-106.0625,38.6875,24,14,636,2473,74.9362171926239
"637",-105.9375,38.6875,25,14,637,2989,70.2066458232158
"638",-105.8125,38.6875,26,14,638,2881,71.1759784106127
"639",-105.6875,38.6875,27,14,639,3040,69.7526364165938
"640",-105.5625,38.6875,28,14,640,2690,72.9167793500193
"641",-105.4375,38.6875,29,14,641,2786,72.0375644642002
"642",-105.3125,38.6875,30,14,642,2400,75.6256562122961
"643",-105.1875,38.6875,31,14,643,2642,73.3596335972895
"644",-105.0625,38.6875,32,14,644,2926,70.7707815340021
"645",-104.9375,38.6875,33,14,645,2934,70.6989424837614
"648",-108.8125,38.5625,2,13,648,1852,80.96691102987
"649",-108.6875,38.5625,3,13,649,2323,76.3584296599602
"650",-108.5625,38.5625,4,13,650,2635,73.4243980687973
"651",-108.4375,38.5625,5,13,651,2438,75.2661321599338
"652",-108.3125,38.5625,6,13,652,2231,77.2414786105236
"653",-108.1875,38.5625,7,13,653,2028,79.2192178148774
"654",-108.0625,38.5625,8,13,654,1767,81.8220750235976
"655",-107.9375,38.5625,9,13,655,1719,82.308212816615
"656",-107.8125,38.5625,10,13,656,1999,79.5050682293806
"657",-107.6875,38.5625,11,13,657,2388,75.7394785715835
"658",-107.5625,38.5625,12,13,658,2532,74.3827260926869
"659",-107.4375,38.5625,13,13,659,2839,71.5558550528667
"660",-107.3125,38.5625,14,13,660,2619,73.5726050110574
"661",-107.1875,38.5625,15,13,661,2773,72.1561196994745
"662",-107.0625,38.5625,16,13,662,2552,74.1958550814841
"663",-106.9375,38.5625,17,13,663,2395,75.673065350464
"664",-106.8125,38.5625,18,13,664,2559,74.1305401114504
"665",-106.6875,38.5625,19,13,665,2641,73.3688828315229
"666",-106.5625,38.5625,20,13,666,2944,70.6092267200289
"667",-106.4375,38.5625,21,13,667,3067,69.5132427511652
"669",-106.1875,38.5625,23,13,669,2850,71.4562052521959
"670",-106.0625,38.5625,24,13,670,2239,77.1643650477713
"671",-105.9375,38.5625,25,13,671,2444,75.209491937514
"672",-105.8125,38.5625,26,13,672,2864,71.3295407825428
"673",-105.6875,38.5625,27,13,673,2842,71.5286666818418
"674",-105.5625,38.5625,28,13,674,2616,73.6004207610623
"675",-105.4375,38.5625,29,13,675,2303,76.5496979124122
"676",-105.3125,38.5625,30,13,676,2067,78.8361109760018
"677",-105.1875,38.5625,31,13,677,1963,79.8610783639112
"678",-105.0625,38.5625,32,13,678,1958,79.9106261402888
"679",-104.9375,38.5625,33,13,679,1949,79.9998748642428
"682",-108.8125,38.4375,2,12,682,1726,82.2371724228313
"683",-108.6875,38.4375,3,12,683,1904,80.4473300381986
"684",-108.5625,38.4375,4,12,684,2660,73.1933087641336
"685",-108.4375,38.4375,5,12,685,2681,72.9996491930643
"686",-108.3125,38.4375,6,12,686,2576,73.9721118547539
"687",-108.1875,38.4375,7,12,687,2309,76.4922767489444
"688",-108.0625,38.4375,8,12,688,1983,79.6631359563
"689",-107.9375,38.4375,9,12,689,1846,81.0270371193534
"690",-107.8125,38.4375,10,12,690,1908,80.4074743728112
"691",-107.6875,38.4375,11,12,691,2246,77.096941828277
"692",-107.5625,38.4375,12,12,692,2509,74.598098711523
"693",-107.4375,38.4375,13,12,693,2677,73.0365047051709
"694",-107.3125,38.4375,14,12,694,2421,75.4268003875994
"695",-107.1875,38.4375,15,12,695,2446,75.1906195350265
"696",-107.0625,38.4375,16,12,696,2471,74.9550378751538
"697",-106.9375,38.4375,17,12,697,2527,74.4295033419282
"698",-106.8125,38.4375,18,12,698,2575,73.9814235679879
"699",-106.6875,38.4375,19,12,699,2544,74.2705578128684
"700",-106.5625,38.4375,20,12,700,2692,72.8983741783074
"701",-106.4375,38.4375,21,12,701,2906,70.9506377919922
"704",-106.0625,38.4375,24,12,704,2923,70.797736411889
"705",-105.9375,38.4375,25,12,705,2679,73.0180750662124
"706",-105.8125,38.4375,26,12,706,2402,75.6066992925353
"707",-105.6875,38.4375,27,12,707,2593,73.8139578746352
"708",-105.5625,38.4375,28,12,708,2227,77.2800587852597
"709",-105.4375,38.4375,29,12,709,2166,77.8703424788502
"710",-105.3125,38.4375,30,12,710,1892,80.5669930245435
"711",-105.1875,38.4375,31,12,711,1664,82.8681182489267
"712",-105.0625,38.4375,32,12,712,1688,82.6234178599914
"713",-104.9375,38.4375,33,12,713,1700,82.5012872662527
"716",-108.8125,38.3125,2,11,716,1784,81.6504598220052
"717",-108.6875,38.3125,3,11,717,1832,81.1674719378293
"718",-108.5625,38.3125,4,11,718,1842,81.0671412609752
"719",-108.4375,38.3125,5,11,719,1973,79.7620574396388
"720",-108.3125,38.3125,6,11,720,2421,75.4268003875994
"721",-108.1875,38.3125,7,11,721,2719,72.6502723246395
"722",-108.0625,38.3125,8,11,722,2718,72.6594490726123
"723",-107.9375,38.3125,9,11,723,2504,74.6449855963409
"724",-107.8125,38.3125,10,11,724,2129,78.2301585676646
"725",-107.6875,38.3125,11,11,725,2387,75.7489700261517
"726",-107.5625,38.3125,12,11,726,2812,71.8009271687022
"727",-107.4375,38.3125,13,11,727,2945,70.6002602163487
"728",-107.3125,38.3125,14,11,728,2888,71.1128247062066
"729",-107.1875,38.3125,15,11,729,2617,73.5911478983956
"730",-107.0625,38.3125,16,11,730,2861,71.3566678516332
"731",-106.9375,38.3125,17,11,731,3045,69.7082539657003
"732",-106.8125,38.3125,18,11,732,2877,71.2120866267986
"733",-106.6875,38.3125,19,11,733,2936,70.6809919508108
"735",-106.4375,38.3125,21,11,735,3197,68.3699005668055
"736",-106.3125,38.3125,22,11,736,3029,69.8503583539787
"738",-106.0625,38.3125,24,11,738,2806,71.8554798265767
"739",-105.9375,38.3125,25,11,739,2487,74.8045795316927
"740",-105.8125,38.3125,26,11,740,2902,70.9866534177665
"741",-105.6875,38.3125,27,11,741,2635,73.4243980687973
"742",-105.5625,38.3125,28,11,742,2366,75.9485131661312
"743",-105.4375,38.3125,29,11,743,2310,76.4827099468159
"744",-105.3125,38.3125,30,11,744,2522,74.4763044082894
"745",-105.1875,38.3125,31,11,745,2260,76.9622384963931
"746",-105.0625,38.3125,32,11,746,1700,82.5012872662527
"747",-104.9375,38.3125,33,11,747,1606,83.4619009528808
"750",-108.8125,38.1875,2,10,750,1974,79.7521608177241
"751",-108.6875,38.1875,3,10,751,1947,80.0197188707407
"752",-108.5625,38.1875,4,10,752,1791,81.5798795106265
"753",-108.4375,38.1875,5,10,753,1875,80.7367622714457
"754",-108.3125,38.1875,6,10,754,2162,77.9091767848449
"755",-108.1875,38.1875,7,10,755,2347,76.1294187581417
"756",-108.0625,38.1875,8,10,756,2707,72.7604552631168
"757",-107.9375,38.1875,9,10,757,2809,71.828199304003
"758",-107.8125,38.1875,10,10,758,2323,76.3584296599602
"759",-107.6875,38.1875,11,10,759,2237,77.1836375916269
"760",-107.5625,38.1875,12,10,760,3032,69.8236959292908
"762",-107.3125,38.1875,14,10,762,2835,71.5921192307763
"763",-107.1875,38.1875,15,10,763,2930,70.7348546240326
"764",-107.0625,38.1875,16,10,764,2849,71.4652596788933
"765",-106.9375,38.1875,17,10,765,3084,69.3628550320578
"766",-106.8125,38.1875,18,10,766,2861,71.3566678516332
"767",-106.6875,38.1875,19,10,767,2910,70.9146369638113
"768",-106.5625,38.1875,20,10,768,3010,70.0194118886583
"769",-106.4375,38.1875,21,10,769,2787,72.0284513679737
"770",-106.3125,38.1875,22,10,770,2683,72.981227085138
"771",-106.1875,38.1875,23,10,771,2931,70.7258752044871
"772",-106.0625,38.1875,24,10,772,2724,72.6044026609887
"773",-105.9375,38.1875,25,10,773,2470,74.9644496516509
"774",-105.8125,38.1875,26,10,774,3154,68.7463845726203
"776",-105.5625,38.1875,28,10,776,2420,75.4362601013862
"777",-105.4375,38.1875,29,10,777,2390,75.7204985514842
"778",-105.3125,38.1875,30,10,778,2622,73.5447977739306
"779",-105.1875,38.1875,31,10,779,2806,71.8554798265767
"780",-105.0625,38.1875,32,10,780,1910,80.387552536742
"781",-104.9375,38.1875,33,10,781,1734,82.1560442046321
"784",-108.8125,38.0625,2,9,784,1768,81.8119719335137
"785",-108.6875,38.0625,3,9,785,1882,80.6668222417482
"786",-108.5625,38.0625,4,9,786,2040,79.1011785830489
"787",-108.4375,38.0625,5,9,787,2274,76.8277258018089
"788",-108.3125,38.0625,6,9,788,2464,75.0209404085733
"789",-108.1875,38.0625,7,9,789,2488,74.7951840114632
"790",-108.0625,38.0625,8,9,790,2573,74.0000498419134
"791",-107.9375,38.0625,9,9,791,2912,70.8966420973647
"792",-107.8125,38.0625,10,9,792,3128,68.9748392288921
"793",-107.6875,38.0625,11,9,793,2928,70.7528162325147
"796",-107.3125,38.0625,14,9,796,3008,70.0372262525064
"798",-107.0625,38.0625,16,9,798,3122,69.027646733958
"801",-106.6875,38.0625,19,9,801,3113,69.1069193701416
"802",-106.5625,38.0625,20,9,802,2914,70.8786509285721
"803",-106.4375,38.0625,21,9,803,2999,70.1174363122298
"804",-106.3125,38.0625,22,9,804,2902,70.9866534177665
"805",-106.1875,38.0625,23,9,805,2508,74.6074741801474
"806",-106.0625,38.0625,24,9,806,2321,76.3775390530099
"807",-105.9375,38.0625,25,9,807,2315,76.4348904678815
"808",-105.8125,38.0625,26,9,808,2366,75.9485131661312
"809",-105.6875,38.0625,27,9,809,2918,70.8426796816237
"810",-105.5625,38.0625,28,9,810,3036,69.7881588494768
"811",-105.4375,38.0625,29,9,811,2507,74.6168506028671
"812",-105.3125,38.0625,30,9,812,2777,72.1196243510655
"813",-105.1875,38.0625,31,9,813,3159,68.7025213119301
"814",-105.0625,38.0625,32,9,814,2525,74.4482209098989
"815",-104.9375,38.0625,33,9,815,2019,79.3078408065327
"818",-108.8125,37.9375,2,8,818,1938,80.1090662305254
"819",-108.6875,37.9375,3,8,819,1820,81.2880014468491
"820",-108.5625,37.9375,4,8,820,2246,77.096941828277
"821",-108.4375,37.9375,5,8,821,2432,75.3228069173136
"822",-108.3125,37.9375,6,8,822,2551,74.2051895942203
"823",-108.1875,37.9375,7,8,823,2703,72.7972129636015
"824",-108.0625,37.9375,8,8,824,2788,72.0193392052751
"825",-107.9375,37.9375,9,8,825,2812,71.8009271687022
"837",-106.4375,37.9375,21,8,837,3103,69.1950865185764
"838",-106.3125,37.9375,22,8,838,2757,72.302250668383
"839",-106.1875,37.9375,23,8,839,2418,75.4551824109756
"840",-106.0625,37.9375,24,8,840,2310,76.4827099468159
"841",-105.9375,37.9375,25,8,841,2306,76.5209829693641
"842",-105.8125,37.9375,26,8,842,2316,76.4253294779107
"843",-105.6875,37.9375,27,8,843,2380,75.8154371794533
"845",-105.4375,37.9375,29,8,845,2795,71.955580199019
"846",-105.3125,37.9375,30,8,846,2718,72.6594490726123
"847",-105.1875,37.9375,31,8,847,2855,71.4109470511478
"848",-105.0625,37.9375,32,8,848,2918,70.8426796816237
"849",-104.9375,37.9375,33,8,849,2247,77.0873138351543
"852",-108.8125,37.8125,2,7,852,2251,77.0488115980913
"853",-108.6875,37.8125,3,7,853,2480,74.8703749358312
"854",-108.5625,37.8125,4,7,854,2329,76.3011247081312
"855",-108.4375,37.8125,5,7,855,2567,74.0559514486785
"856",-108.3125,37.8125,6,7,856,2722,72.6227477115001
"857",-108.1875,37.8125,7,7,857,3085,69.3540169068548
"858",-108.0625,37.8125,8,7,858,3181,68.5097921000684
"865",-107.1875,37.8125,15,7,865,3114,69.0981076608639
"866",-107.0625,37.8125,16,7,866,3187,68.4573056405783
"867",-106.9375,37.8125,17,7,867,2928,70.7528162325147
"868",-106.8125,37.8125,18,7,868,2998,70.126353130656
"870",-106.5625,37.8125,20,7,870,2810,71.8191076604143
"871",-106.4375,37.8125,21,7,871,2849,71.4652596788933
"872",-106.3125,37.8125,22,7,872,2433,75.3133587254724
"873",-106.1875,37.8125,23,7,873,2348,76.1198887207365
"874",-106.0625,37.8125,24,7,874,2318,76.4062104031849
"875",-105.9375,37.8125,25,7,875,2309,76.4922767489444
"876",-105.8125,37.8125,26,7,876,2302,76.5592714988072
"877",-105.6875,37.8125,27,7,877,2324,76.3488764153304
"878",-105.5625,37.8125,28,7,878,2607,73.6839191082834
"879",-105.4375,37.8125,29,7,879,3000,70.1085204119101
"880",-105.3125,37.8125,30,7,880,2357,76.0341618464865
"881",-105.1875,37.8125,31,7,881,2227,77.2800587852597
"882",-105.0625,37.8125,32,7,882,2343,76.167548569569
"883",-104.9375,37.8125,33,7,883,2204,77.5021977147721
"886",-108.8125,37.6875,2,6,886,2145,78.0743975801825
"887",-108.6875,37.6875,3,6,887,2275,76.8181250415342
"888",-108.5625,37.6875,4,6,888,2518,74.5137624159382
"889",-108.4375,37.6875,5,6,889,2406,75.5687969963091
"890",-108.3125,37.6875,6,6,890,2759,72.2839712032806
"891",-108.1875,37.6875,7,6,891,2818,71.746408052029
"892",-108.0625,37.6875,8,6,892,3162,68.6762142351117
"900",-107.0625,37.6875,16,6,900,2856,71.4018981969156
"902",-106.8125,37.6875,18,6,902,3104,69.1862657071917
"903",-106.6875,37.6875,19,6,903,2802,71.8918669069547
"904",-106.5625,37.6875,20,6,904,2577,73.9628010905737
"905",-106.4375,37.6875,21,6,905,2495,74.7294421219786
"906",-106.3125,37.6875,22,6,906,2388,75.7394785715835
"907",-106.1875,37.6875,23,6,907,2358,76.0246414660185
"908",-106.0625,37.6875,24,6,908,2323,76.3584296599602
"909",-105.9375,37.6875,25,6,909,2314,76.4444524263576
"910",-105.8125,37.6875,26,6,910,2299,76.5879980751803
"911",-105.6875,37.6875,27,6,911,2300,76.5784215801161
"912",-105.5625,37.6875,28,6,912,2537,74.3359726512918
"913",-105.4375,37.6875,29,6,913,3044,69.717128626023
"914",-105.3125,37.6875,30,6,914,2520,74.4950315057052
"915",-105.1875,37.6875,31,6,915,2484,74.8327718266145
"916",-105.0625,37.6875,32,6,916,2076,78.7479151141855
"917",-104.9375,37.6875,33,6,917,1984,79.6532492742751
"920",-108.8125,37.5625,2,5,920,2076,78.7479151141855
"921",-108.6875,37.5625,3,5,921,2113,78.386171084045
"922",-108.5625,37.5625,4,5,922,2200,77.5408832967517
"923",-108.4375,37.5625,5,5,923,2329,76.3011247081312
"924",-108.3125,37.5625,6,5,924,2619,73.5726050110574
"925",-108.1875,37.5625,7,5,925,2798,71.9282689062264
"926",-108.0625,37.5625,8,5,926,3196,68.3786370056157
"927",-107.9375,37.5625,9,5,927,2803,71.8827687383967
"928",-107.8125,37.5625,10,5,928,2619,73.5726050110574
"932",-107.3125,37.5625,14,5,932,2953,70.5285613734504
"933",-107.1875,37.5625,15,5,933,2912,70.8966420973647
"936",-106.8125,37.5625,18,5,936,3105,69.1774458063412
"937",-106.6875,37.5625,19,5,937,3118,69.0628699211878
"939",-106.4375,37.5625,21,5,939,3071,69.4778336754666
"940",-106.3125,37.5625,22,5,940,2582,73.91626150289
"941",-106.1875,37.5625,23,5,941,2397,75.6540988081777
"942",-106.0625,37.5625,24,5,942,2320,76.3870952015798
"943",-105.9375,37.5625,25,5,943,2311,76.4731441135681
"944",-105.8125,37.5625,26,5,944,2298,76.5975755399512
"945",-105.6875,37.5625,27,5,945,2295,76.6263137532547
"946",-105.5625,37.5625,28,5,946,2846,71.4924285332736
"947",-105.4375,37.5625,29,5,947,3198,68.3611650318591
"948",-105.3125,37.5625,30,5,948,2660,73.1933087641336
"949",-105.1875,37.5625,31,5,949,2838,71.5649197025686
"950",-105.0625,37.5625,32,5,950,2232,77.2318360040876
"951",-104.9375,37.5625,33,5,951,2111,78.4056903496857
"954",-108.8125,37.4375,2,4,954,1980,79.6928019645512
"955",-108.6875,37.4375,3,4,955,2021,79.2881398740612
"956",-108.5625,37.4375,4,4,956,2103,78.4838067743106
"957",-108.4375,37.4375,5,4,957,2221,77.3379583026352
"958",-108.3125,37.4375,6,4,958,2511,74.579350636263
"959",-108.1875,37.4375,7,4,959,2760,72.2748328741329
"961",-107.9375,37.4375,9,4,961,2939,70.6540730712333
"962",-107.8125,37.4375,10,4,962,2395,75.673065350464
"963",-107.6875,37.4375,11,4,963,2994,70.1620295868714
"964",-107.5625,37.4375,12,4,964,2715,72.6869849483375
"965",-107.4375,37.4375,13,4,965,2948,70.573366237124
"966",-107.3125,37.4375,14,4,966,2778,72.1105028497955
"967",-107.1875,37.4375,15,4,967,2513,74.560606376493
"969",-106.9375,37.4375,17,4,969,3114,69.0981076608639
"970",-106.8125,37.4375,18,4,970,3151,68.772713411785
"974",-106.3125,37.4375,22,4,974,2947,70.5823299749688
"975",-106.1875,37.4375,23,4,975,2529,74.4107895846967
"976",-106.0625,37.4375,24,4,976,2319,76.3966523182798
"977",-105.9375,37.4375,25,4,977,2308,76.5018445200285
"978",-105.8125,37.4375,26,4,978,2295,76.6263137532547
"979",-105.6875,37.4375,27,4,979,2306,76.5209829693641
"980",-105.5625,37.4375,28,4,980,2365,75.9580258264409
"981",-105.4375,37.4375,29,4,981,2481,74.8609727244481
"982",-105.3125,37.4375,30,4,982,2697,72.852377706425
"983",-105.1875,37.4375,31,4,983,2924,70.7887505290758
"984",-105.0625,37.4375,32,4,984,2355,76.0532055035674
"985",-104.9375,37.4375,33,4,985,2449,75.1623181214199
"988",-108.8125,37.3125,2,3,988,2208,77.4635277625662
"989",-108.6875,37.3125,3,3,989,1894,80.5470391909276
"990",-108.5625,37.3125,4,3,990,2082,78.6891622715028
"991",-108.4375,37.3125,5,3,991,2249,77.0680607696879
"992",-108.3125,37.3125,6,3,992,2230,77.2511221917834
"993",-108.1875,37.3125,7,3,993,2365,75.9580258264409
"994",-108.0625,37.3125,8,3,994,2518,74.5137624159382
"995",-107.9375,37.3125,9,3,995,2300,76.5784215801161
"996",-107.8125,37.3125,10,3,996,2268,76.8853507693917
"997",-107.6875,37.3125,11,3,997,2335,76.2438545846817
"998",-107.5625,37.3125,12,3,998,2297,76.6071539745038
"999",-107.4375,37.3125,13,3,999,2480,74.8703749358312
"1000",-107.3125,37.3125,14,3,1000,2696,72.8615751202502
"1001",-107.1875,37.3125,15,3,1001,2485,74.823373439194
"1002",-107.0625,37.3125,16,3,1002,2298,76.5975755399512
"1003",-106.9375,37.3125,17,3,1003,2293,76.6454774120342
"1004",-106.8125,37.3125,18,3,1004,3181,68.5097921000684
"1008",-106.3125,37.3125,22,3,1008,2792,71.9828998882956
"1009",-106.1875,37.3125,23,3,1009,2503,74.6543658361846
"1010",-106.0625,37.3125,24,3,1010,2343,76.167548569569
"1011",-105.9375,37.3125,25,3,1011,2317,76.4157694563703
"1012",-105.8125,37.3125,26,3,1012,2306,76.5209829693641
"1013",-105.6875,37.3125,27,3,1013,2316,76.4253294779107
"1014",-105.5625,37.3125,28,3,1014,2371,75.9009643333296
"1015",-105.4375,37.3125,29,3,1015,2428,75.360609282943
"1016",-105.3125,37.3125,30,3,1016,3097,69.2480305121313
"1018",-105.0625,37.3125,32,3,1018,2926,70.7707815340021
"1019",-104.9375,37.3125,33,3,1019,2639,73.3873841328197
"1022",-108.8125,37.1875,2,2,1022,2130,78.2204161401579
"1023",-108.6875,37.1875,3,2,1023,1794,81.5496459331179
"1024",-108.5625,37.1875,4,2,1024,2193,77.6086206888944
"1025",-108.4375,37.1875,5,2,1025,2186,77.6764059879254
"1026",-108.3125,37.1875,6,2,1026,2182,77.715161963703
"1027",-108.1875,37.1875,7,2,1027,2195,77.5892622609573
"1028",-108.0625,37.1875,8,2,1028,2298,76.5975755399512
"1029",-107.9375,37.1875,9,2,1029,2223,77.3186545620028
"1030",-107.8125,37.1875,10,2,1030,2091,78.6010995642278
"1031",-107.6875,37.1875,11,2,1031,2102,78.4935757568729
"1032",-107.5625,37.1875,12,2,1032,2161,77.9188878112429
"1033",-107.4375,37.1875,13,2,1033,2456,75.0963150331535
"1034",-107.3125,37.1875,14,2,1034,2169,77.8412270368128
"1035",-107.1875,37.1875,15,2,1035,2187,77.6667194397212
"1036",-107.0625,37.1875,16,2,1036,2223,77.3186545620028
"1037",-106.9375,37.1875,17,2,1037,2278,76.7893285894726
"1038",-106.8125,37.1875,18,2,1038,2667,73.1287094077298
"1039",-106.6875,37.1875,19,2,1039,3103,69.1950865185764
"1041",-106.4375,37.1875,21,2,1041,3091,69.3010073030437
"1042",-106.3125,37.1875,22,2,1042,2887,71.1218438849208
"1043",-106.1875,37.1875,23,2,1043,2612,73.6375216734361
"1044",-106.0625,37.1875,24,2,1044,2370,75.9104721709731
"1045",-105.9375,37.1875,25,2,1045,2336,76.234312949062
"1046",-105.8125,37.1875,26,2,1046,2419,75.44572077582
"1047",-105.6875,37.1875,27,2,1047,2343,76.167548569569
"1048",-105.5625,37.1875,28,2,1048,2368,75.9294907394856
"1049",-105.4375,37.1875,29,2,1049,2444,75.209491937514
"1050",-105.3125,37.1875,30,2,1050,2843,71.5196057506172
"1052",-105.0625,37.1875,32,2,1052,2671,73.0918162227973
"1053",-104.9375,37.1875,33,2,1053,2443,75.2189295770063
